{
  "seed": 7,
  "envs": [
    "normal",
    "slippery"
  ],
  "visual_env": "normal",
  "settings": {
    "pop_size": 10,
    "generations": 4,
    "elite_fraction": 0.25,
    "mutation_rate": 0.03,
    "sim_steps": 700,
    "learning_steps": 20,
    "eval_seeds": [
      7,
      8,
      9,
      10,
      11
    ]
  },
  "ga_history": [
    {
      "generation": 0,
      "robust_mean": 0.47917860746383667,
      "robust_max": 0.7055944204330444,
      "normal_mean": 0.5624649524688721,
      "normal_max": 0.9117128252983093,
      "slippery_mean": 0.39589229226112366,
      "slippery_max": 0.54401034116745
    },
    {
      "generation": 1,
      "robust_mean": 0.46813249588012695,
      "robust_max": 0.7802131175994873,
      "normal_mean": 0.6826515793800354,
      "normal_max": 1.1224305629730225,
      "slippery_mean": 0.2536134123802185,
      "slippery_max": 0.5431409478187561
    },
    {
      "generation": 2,
      "robust_mean": 0.5803578495979309,
      "robust_max": 0.8520241379737854,
      "normal_mean": 0.7778110504150391,
      "normal_max": 1.2026712894439697,
      "slippery_mean": 0.382904589176178,
      "slippery_max": 0.5667031407356262
    },
    {
      "generation": 3,
      "robust_mean": 0.6562272310256958,
      "robust_max": 0.7310751676559448,
      "normal_mean": 0.8318023681640625,
      "normal_max": 0.9889183044433594,
      "slippery_mean": 0.48065200448036194,
      "slippery_max": 0.5594879388809204
    }
  ],
  "mode_summary": {
    "before_evo_before_learn": {
      "normal": {
        "mean": 0.0478646457195282,
        "std": 0.01613454334437847,
        "min": 0.026182353496551514,
        "max": 0.0762300044298172
      },
      "slippery": {
        "mean": 0.02730768918991089,
        "std": 0.01083725318312645,
        "min": 0.01469095703214407,
        "max": 0.04672877863049507
      }
    },
    "before_evo_after_learn": {
      "normal": {
        "mean": 0.579311192035675,
        "std": 3.9805905771572725e-07,
        "min": 0.5793105363845825,
        "max": 0.5793116688728333
      },
      "slippery": {
        "mean": 0.21664662659168243,
        "std": 1.456964753288048e-07,
        "min": 0.21664637327194214,
        "max": 0.21664677560329437
      }
    },
    "after_evo_before_learn": {
      "normal": {
        "mean": 0.03069431148469448,
        "std": 0.004605981521308422,
        "min": 0.022946303710341454,
        "max": 0.03609421104192734
      },
      "slippery": {
        "mean": 0.010952559299767017,
        "std": 0.010023819282650948,
        "min": -0.00818927027285099,
        "max": 0.018397672101855278
      }
    },
    "after_evo_after_learn": {
      "normal": {
        "mean": 1.1462039947509766,
        "std": 1.3058723880021716e-07,
        "min": 1.146203875541687,
        "max": 1.1462042331695557
      },
      "slippery": {
        "mean": 0.098765529692173,
        "std": 1.9894585534530052e-07,
        "min": 0.09876535832881927,
        "max": 0.09876589477062225
      }
    }
  },
  "best_overall_fitness": 0.8520241379737854
}